{"cameraMode":{"drawMode":0,"name":"Shaded","section":"Shading Mode"},"sceneLighting":false,"audioPlay":false,"sceneViewState":{"showFog":true,"showMaterialUpdate":false,"showSkybox":true,"showFlares":true,"showImageEffects":true,"showParticleSystems":true},"in2DMode":false,"pivot":{"x":62.847503662109378,"y":-1.1700000762939454,"z":-11.079999923706055},"rotation":{"x":0.18297147750854493,"y":0.1532849222421646,"z":-0.028894640505313875,"w":0.970664918422699},"size":12.5067720413208,"orthographic":false}