{"cameraMode":{"drawMode":0,"name":"Shaded","section":"Shading Mode"},"sceneLighting":false,"audioPlay":false,"sceneViewState":{"showFog":true,"showMaterialUpdate":false,"showSkybox":true,"showFlares":true,"showImageEffects":true,"showParticleSystems":true},"in2DMode":false,"pivot":{"x":-4.302020072937012,"y":-0.17110896110534669,"z":-10.592459678649903},"rotation":{"x":0.005082336254417896,"y":0.9948228001594544,"z":-0.06458651274442673,"w":0.07829654961824417},"size":11.606097221374512,"orthographic":false}