{"cameraMode":{"drawMode":0,"name":"Shaded","section":"Shading Mode"},"sceneLighting":false,"audioPlay":false,"sceneViewState":{"showFog":true,"showMaterialUpdate":false,"showSkybox":true,"showFlares":true,"showImageEffects":true,"showParticleSystems":true},"in2DMode":false,"pivot":{"x":2.4210031032562258,"y":1.7699999809265137,"z":5.239999771118164},"rotation":{"x":0.4014512002468109,"y":-0.12655282020568849,"z":0.056113388389348987,"w":0.9053577184677124},"size":4.041658401489258,"orthographic":false}