{"cameraMode":{"drawMode":0,"name":"Shaded","section":"Shading Mode"},"sceneLighting":false,"audioPlay":false,"sceneViewState":{"showFog":true,"showMaterialUpdate":false,"showSkybox":true,"showFlares":true,"showImageEffects":true,"showParticleSystems":true},"in2DMode":false,"pivot":{"x":-2.693645715713501,"y":1.4608800411224366,"z":-0.1555628776550293},"rotation":{"x":0.09317298978567124,"y":-0.008651518262922764,"z":0.000809515651781112,"w":0.9956120252609253},"size":5.0753254890441898,"orthographic":false}