{"cameraMode":{"drawMode":0,"name":"Shaded","section":"Shading Mode"},"sceneLighting":false,"audioPlay":false,"sceneViewState":{"showFog":true,"showMaterialUpdate":false,"showSkybox":true,"showFlares":true,"showImageEffects":true,"showParticleSystems":true},"in2DMode":false,"pivot":{"x":67.9539566040039,"y":3.5429744720458986,"z":32.71766662597656},"rotation":{"x":0.28034284710884097,"y":0.08540796488523483,"z":-0.025051921606063844,"w":0.9557645320892334},"size":52.78976821899414,"orthographic":false}