{"cameraMode":{"drawMode":0,"name":"Shaded","section":"Shading Mode"},"sceneLighting":false,"audioPlay":false,"sceneViewState":{"showFog":true,"showMaterialUpdate":false,"showSkybox":true,"showFlares":true,"showImageEffects":true,"showParticleSystems":true},"in2DMode":false,"pivot":{"x":70.10266876220703,"y":-8.561446189880371,"z":11.578442573547364},"rotation":{"x":0.3604619801044464,"y":0.40756672620773318,"z":-0.17923784255981446,"w":0.8196524977684021},"size":50.442840576171878,"orthographic":false}