{"cameraMode":{"drawMode":0,"name":"Shaded","section":"Shading Mode"},"sceneLighting":false,"audioPlay":false,"sceneViewState":{"showFog":true,"showMaterialUpdate":false,"showSkybox":true,"showFlares":true,"showImageEffects":true,"showParticleSystems":true},"in2DMode":false,"pivot":{"x":43.94118118286133,"y":45.577396392822269,"z":51.504302978515628},"rotation":{"x":-0.2971125841140747,"y":0.25866809487342837,"z":-0.08396212011575699,"w":-0.9152951836585999},"size":4.041658401489258,"orthographic":false}