{"cameraMode":{"drawMode":0,"name":"Shaded","section":"Shading Mode"},"sceneLighting":false,"audioPlay":false,"sceneViewState":{"showFog":true,"showMaterialUpdate":false,"showSkybox":true,"showFlares":true,"showImageEffects":true,"showParticleSystems":true},"in2DMode":false,"pivot":{"x":51.589229583740237,"y":16.984323501586915,"z":30.53420066833496},"rotation":{"x":-0.24087464809417725,"y":0.018892638385295869,"z":-0.004689783323556185,"w":-0.970361053943634},"size":62.368133544921878,"orthographic":false}