{"cameraMode":{"drawMode":0,"name":"Shaded","section":"Shading Mode"},"sceneLighting":false,"audioPlay":false,"sceneViewState":{"showFog":true,"showMaterialUpdate":false,"showSkybox":true,"showFlares":true,"showImageEffects":true,"showParticleSystems":true},"in2DMode":false,"pivot":{"x":105.03068542480469,"y":61.21061706542969,"z":-4.361153602600098},"rotation":{"x":0.3544820249080658,"y":-0.36522379517555239,"z":0.15283101797103883,"w":0.8471108675003052},"size":15.750955581665039,"orthographic":false}