{"cameraMode":{"drawMode":0,"name":"Shaded","section":"Shading Mode"},"sceneLighting":true,"audioPlay":false,"sceneViewState":{"showFog":true,"showMaterialUpdate":false,"showSkybox":true,"showFlares":true,"showImageEffects":true,"showParticleSystems":true},"in2DMode":false,"pivot":{"x":58.788429260253909,"y":82.97846984863281,"z":6.239301681518555},"rotation":{"x":0.30442824959754946,"y":-0.1823093593120575,"z":0.05948098376393318,"w":0.9330320358276367},"size":8.043366432189942,"orthographic":false}