{"cameraMode":{"drawMode":0,"name":"Shaded","section":"Shading Mode"},"sceneLighting":false,"audioPlay":false,"sceneViewState":{"showFog":true,"showMaterialUpdate":false,"showSkybox":true,"showFlares":true,"showImageEffects":true,"showParticleSystems":true},"in2DMode":false,"pivot":{"x":69.83522033691406,"y":4.9603271484375,"z":-2.413585662841797},"rotation":{"x":0.30781203508377077,"y":0.5329867601394653,"z":-0.21648599207401277,"w":0.757832944393158},"size":50.442840576171878,"orthographic":false}