{"cameraMode":{"drawMode":0,"name":"Shaded","section":"Shading Mode"},"sceneLighting":false,"audioPlay":false,"sceneViewState":{"showFog":true,"showMaterialUpdate":false,"showSkybox":true,"showFlares":true,"showImageEffects":true,"showParticleSystems":true},"in2DMode":false,"pivot":{"x":93.9295654296875,"y":14.944097518920899,"z":5.766450881958008},"rotation":{"x":-0.1318783313035965,"y":-0.6900864839553833,"z":0.13008105754852296,"w":-0.699619710445404},"size":71.17240142822266,"orthographic":false}