{"cameraMode":{"drawMode":0,"name":"Shaded","section":"Shading Mode"},"sceneLighting":false,"audioPlay":false,"sceneViewState":{"showFog":true,"showMaterialUpdate":false,"showSkybox":true,"showFlares":true,"showImageEffects":true,"showParticleSystems":true},"in2DMode":false,"pivot":{"x":-1.7699999809265137,"y":0.5849999785423279,"z":-9.149999618530274},"rotation":{"x":0.41404345631599429,"y":0.09371574968099594,"z":-0.042905449867248538,"w":0.9044028520584106},"size":4.125032901763916,"orthographic":false}